name,Prot,Pdec,Oamp,rot_amp,con_amp
RVdata,27.746398,5.901557,0.349327,1.183168,1.173407
FWHMdata,27.746398,5.901557,0.349327,4.556941,0.081642
Contrastdata,27.746398,5.901557,0.349327,280.22639,-2.561654
