name,Prot,Pdec,Oamp,rot_amp,con_amp
RVdata,27.956279,17.024688,0.352875,0.812736,-0.953773
BISdata,27.956279,17.024688,0.352875,0.625692,0.089912
FWHMdata,27.956279,17.024688,0.352875,-1.841748,-0.467894
