name,Prot,Pdec,Oamp,rot_amp,con_amp
RVdata,27.668654,10.612972,0.360997,0.952747,1.456083
BISdata,27.668654,10.612972,0.360997,1.101704,0.27259
FWHMdata,27.668654,10.612972,0.360997,2.161759,0.183717
Contrastdata,27.668654,10.612972,0.360997,335.905493,-1.878661
Halphadata,27.668654,10.612972,0.360997,0.000933,-0.00013
CaIIdata,27.668654,10.612972,0.360997,-0.000307,0.000978
