name,Prot,Pdec,Oamp,rot_amp,con_amp
RVdata,27.901038,16.650929,0.35822,1.724996,-1.117171
BISdata,27.901038,16.650929,0.35822,1.478155,0.039649
FWHMdata,27.901038,16.650929,0.35822,-0.387767,0.96098
Contrastdata,27.901038,16.650929,0.35822,295.975187,0.218649
Halphadata,27.901038,16.650929,0.35822,0.000161,2e-06
