name,Prot,Pdec,Oamp,rot_amp,con_amp
RVdata,28.077025,5.275415,0.352233,1.403687,-1.225796
BISdata,28.077025,5.275415,0.352233,2.782694,-0.482441
FWHMdata,28.077025,5.275415,0.352233,2.516317,0.386381
Contrastdata,28.077025,5.275415,0.352233,158.728488,1.849709
Halphadata,28.077025,5.275415,0.352233,0.000329,8.6e-05
CaIIdata,28.077025,5.275415,0.352233,-0.0032,-0.000458
