name,Prot,Pdec,Oamp,rot_amp,con_amp
RVdata,27.806427,7.243171,0.401198,1.337233,-1.144578
BISdata,27.806427,7.243171,0.401198,2.55371,0.09141
FWHMdata,27.806427,7.243171,0.401198,0.156552,1.019062
Contrastdata,27.806427,7.243171,0.401198,114.413166,2.345704
Halphadata,27.806427,7.243171,0.401198,8.9e-05,-7.9e-05
