name,Prot,Pdec,Oamp,rot_amp,con_amp
RVdata,27.896619,15.073016,0.370998,2.836344,0.8449
FWHMdata,27.896619,15.073016,0.370998,1.0054,-1.257698
Contrastdata,27.896619,15.073016,0.370998,130.881903,-3.746746
