name,Prot,Pdec,Oamp,rot_amp,con_amp
RVdata,28.116846,7.228972,0.356532,1.216851,-1.008439
BISdata,28.116846,7.228972,0.356532,2.446592,-0.048719
FWHMdata,28.116846,7.228972,0.356532,2.051627,-1.55857
