name,Prot,Pdec,Oamp,rot_amp,con_amp
RVdata,28.08936,11.089415,0.405209,5.126052,-0.011855
FWHMdata,28.08936,11.089415,0.405209,-1.900308,0.348474
Contrastdata,28.08936,11.089415,0.405209,-292.909997,0.952073
