name,Prot,Pdec,Oamp,rot_amp,con_amp
RVdata,28.34343,14.869571,0.384395,6.04612,0.078585
BISdata,28.34343,14.869571,0.384395,0.514713,0.419971
FWHMdata,28.34343,14.869571,0.384395,-4.3408,0.333116
Contrastdata,28.34343,14.869571,0.384395,-297.604515,-5.474736
Halphadata,28.34343,14.869571,0.384395,7.4e-05,3.3e-05
