name,Prot,Pdec,Oamp,rot_amp,con_amp
RVdata,27.92723,10.140232,0.345114,4.023873,0.47376
BISdata,27.92723,10.140232,0.345114,-0.025189,0.566549
FWHMdata,27.92723,10.140232,0.345114,-2.90824,-0.583527
