name,Prot,Pdec,Oamp,rot_amp,con_amp
RVdata,28.030282,13.72131,0.402441,6.342959,-0.103145
BISdata,28.030282,13.72131,0.402441,0.462856,0.54906
FWHMdata,28.030282,13.72131,0.402441,-4.694762,0.049773
Contrastdata,28.030282,13.72131,0.402441,-295.524598,-5.026815
Halphadata,28.030282,13.72131,0.402441,-0.000227,0.000114
CaIIdata,28.030282,13.72131,0.402441,0.000596,0.000276
