name,Prot,Pdec,Oamp,rot_amp,con_amp
RVdata,28.301193,44.817829,0.387499,1.203635,4.170899
BISdata,28.301193,44.817829,0.387499,-4.475056,0.117801
FWHMdata,28.301193,44.817829,0.387499,-5.066218,-1.285453
Contrastdata,28.301193,44.817829,0.387499,-248.654781,-0.865521
Halphadata,28.301193,44.817829,0.387499,0.000109,-0.000104
