name,Prot,Pdec,Oamp,rot_amp,con_amp
RVdata,27.839791,51.721942,0.390545,3.590285,-5.435957
BISdata,27.839791,51.721942,0.390545,6.072068,0.637724
FWHMdata,27.839791,51.721942,0.390545,6.089028,2.272921
Contrastdata,27.839791,51.721942,0.390545,383.800929,1.265812
Halphadata,27.839791,51.721942,0.390545,0.001904,0.000178
CaIIdata,27.839791,51.721942,0.390545,0.002385,-0.000448
