name,Prot,Pdec,Oamp,rot_amp,con_amp
RVdata,28.123148,24.244904,0.360671,2.558447,-2.00426
FWHMdata,28.123148,24.244904,0.360671,5.601857,0.482343
Contrastdata,28.123148,24.244904,0.360671,298.732313,4.926009
