name,Prot,Pdec,Oamp,rot_amp,con_amp
RVdata,28.476267,41.717794,0.366144,1.218688,4.622426
BISdata,28.476267,41.717794,0.366144,-4.235178,0.108131
FWHMdata,28.476267,41.717794,0.366144,-2.927721,-0.521041
