name,Prot,Pdec,Oamp,rot_amp,con_amp
RVdata,28.062242,600.975488,0.34538,6.676426,-0.796943
BISdata,28.062242,600.975488,0.34538,1.619511,-0.196176
FWHMdata,28.062242,600.975488,0.34538,-0.329947,1.828567
Contrastdata,28.062242,600.975488,0.34538,-470.797748,0.915558
Halphadata,28.062242,600.975488,0.34538,-3.9e-05,-0.000195
