name,Prot,Pdec,Oamp,rot_amp,con_amp
RVdata,27.997472,14.532293,0.368399,2.240207,1.495509
BISdata,27.997472,14.532293,0.368399,-2.486266,0.225666
FWHMdata,27.997472,14.532293,0.368399,0.129511,-1.114366
