name,Prot,Pdec,Oamp,rot_amp,con_amp
RVdata,28.3808,13.484915,0.451309,5.902185,-1.006241
FWHMdata,28.3808,13.484915,0.451309,-4.470566,0.939061
Contrastdata,28.3808,13.484915,0.451309,-400.931759,5.3371
