name,Prot,Pdec,Oamp,rot_amp,con_amp
RVdata,28.451022,18.365513,0.430002,7.385466,-0.825153
BISdata,28.451022,18.365513,0.430002,1.371623,-0.414132
FWHMdata,28.451022,18.365513,0.430002,-5.418945,1.530225
Contrastdata,28.451022,18.365513,0.430002,-401.562975,7.874737
Halphadata,28.451022,18.365513,0.430002,1.4e-05,-4.6e-05
CaIIdata,28.451022,18.365513,0.430002,-0.001612,-2.7e-05
