name,Prot,Pdec,Oamp,rot_amp,con_amp
RVdata,27.97753,26.128207,0.359998,2.621851,2.650028
BISdata,27.97753,26.128207,0.359998,0.000444,0.185459
FWHMdata,27.97753,26.128207,0.359998,-0.979589,-0.371079
