name,Prot,Pdec,Oamp,rot_amp,con_amp
RVdata,28.296797,17.398506,0.356359,0.335113,-2.368294
BISdata,28.296797,17.398506,0.356359,-0.228532,-0.31701
FWHMdata,28.296797,17.398506,0.356359,-1.075578,1.699564
Contrastdata,28.296797,17.398506,0.356359,168.672799,6.992128
Halphadata,28.296797,17.398506,0.356359,0.000379,4.7e-05
