name,Prot,Pdec,Oamp,rot_amp,con_amp
RVdata,28.523933,25.463621,0.393427,4.240747,3.630234
BISdata,28.523933,25.463621,0.393427,0.906707,0.705212
FWHMdata,28.523933,25.463621,0.393427,0.476918,-0.239876
Contrastdata,28.523933,25.463621,0.393427,-256.411735,-1.230889
Halphadata,28.523933,25.463621,0.393427,5e-05,0.000198
CaIIdata,28.523933,25.463621,0.393427,-0.001203,0.000384
