name,Prot,Pdec,Oamp,rot_amp,con_amp
RVdata,28.260731,14.361657,0.350995,2.503042,2.543076
FWHMdata,28.260731,14.361657,0.350995,-0.173435,-0.446913
Contrastdata,28.260731,14.361657,0.350995,-157.682617,-4.812858
