name,Prot,Pdec,Oamp,rot_amp,con_amp
RVdata,27.802178,29.401306,0.333718,0.858896,-1.194069
FWHMdata,27.802178,29.401306,0.333718,3.883756,-0.372322
Contrastdata,27.802178,29.401306,0.333718,211.852491,1.828976
