name,Prot,Pdec,Oamp,rot_amp,con_amp
RVdata,27.986742,53.467932,0.395998,1.176818,-1.708007
BISdata,27.986742,53.467932,0.395998,0.82616,-0.048643
FWHMdata,27.986742,53.467932,0.395998,2.178977,1.045818
Contrastdata,27.986742,53.467932,0.395998,240.589689,1.980741
Halphadata,27.986742,53.467932,0.395998,-0.000271,1.6e-05
