name,Prot,Pdec,Oamp,rot_amp,con_amp
RVdata,27.762887,15.56902,0.37901,1.859582,-0.835099
BISdata,27.762887,15.56902,0.37901,0.745595,-0.08394
FWHMdata,27.762887,15.56902,0.37901,2.677012,-0.220315
