name,Prot,Pdec,Oamp,rot_amp,con_amp
RVdata,27.788695,42.476711,0.395624,1.749409,-3.392581
BISdata,27.788695,42.476711,0.395624,1.553161,-0.148645
FWHMdata,27.788695,42.476711,0.395624,4.453031,-0.313963
Contrastdata,27.788695,42.476711,0.395624,375.342234,1.475042
Halphadata,27.788695,42.476711,0.395624,-0.000282,-0.000125
CaIIdata,27.788695,42.476711,0.395624,0.000322,-0.000578
