name,Prot,Pdec,Oamp,rot_amp,con_amp
RVdata,27.824703,40.219787,0.403325,5.362648,-5.86281
BISdata,27.824703,40.219787,0.403325,3.295441,0.009249
FWHMdata,27.824703,40.219787,0.403325,1.606527,0.542694
Contrastdata,27.824703,40.219787,0.403325,-155.379405,1.661275
Halphadata,27.824703,40.219787,0.403325,-7.8e-05,1e-05
CaIIdata,27.824703,40.219787,0.403325,2.9e-05,0.000246
