name,Prot,Pdec,Oamp,rot_amp,con_amp
RVdata,28.414255,27.018438,0.375212,5.319659,-3.826271
FWHMdata,28.414255,27.018438,0.375212,3.470688,0.07652
Contrastdata,28.414255,27.018438,0.375212,-142.766283,4.238984
