name,Prot,Pdec,Oamp,rot_amp,con_amp
RVdata,27.855093,26.582647,0.397906,3.174372,4.259338
BISdata,27.855093,26.582647,0.397906,-2.287431,0.086316
FWHMdata,27.855093,26.582647,0.397906,-4.760791,-0.338552
