name,Prot,Pdec,Oamp,rot_amp,con_amp
RVdata,28.257112,42.422068,0.397623,7.934162,4.659483
BISdata,28.257112,42.422068,0.397623,-3.06405,0.226903
FWHMdata,28.257112,42.422068,0.397623,-3.127403,0.691111
Contrastdata,28.257112,42.422068,0.397623,-306.213487,-2.570327
Halphadata,28.257112,42.422068,0.397623,-0.002656,0.000149
