name,Prot,Pdec,Oamp,rot_amp,con_amp
RVdata,27.906707,13.573718,0.348762,0.361637,1.130174
FWHMdata,27.906707,13.573718,0.348762,5.409755,1.279527
Contrastdata,27.906707,13.573718,0.348762,468.741342,0.527641
