name,Prot,Pdec,Oamp,rot_amp,con_amp
RVdata,27.87601,21.699857,0.38012,0.096261,1.396698
BISdata,27.87601,21.699857,0.38012,-2.285942,-0.093928
FWHMdata,27.87601,21.699857,0.38012,3.965701,0.012043
Contrastdata,27.87601,21.699857,0.38012,468.445742,0.517479
Halphadata,27.87601,21.699857,0.38012,0.000366,0.000128
