name,Prot,Pdec,Oamp,rot_amp,con_amp
RVdata,27.905195,14.666643,0.349493,2.439471,-1.103902
BISdata,27.905195,14.666643,0.349493,2.26915,0.815032
FWHMdata,27.905195,14.666643,0.349493,2.633078,-0.539865
