name,Prot,Pdec,Oamp,rot_amp,con_amp
RVdata,27.979272,19.71952,0.373181,0.47349,1.336411
BISdata,27.979272,19.71952,0.373181,-1.817465,-0.07765
FWHMdata,27.979272,19.71952,0.373181,4.33461,0.986107
Contrastdata,27.979272,19.71952,0.373181,529.550589,-2.222568
Halphadata,27.979272,19.71952,0.373181,0.000293,0.000114
CaIIdata,27.979272,19.71952,0.373181,0.00029,3.1e-05
