name,Prot,Pdec,Oamp,rot_amp,con_amp
FWHMdata_expres,27.975445,12.25409,0.361183,10.283134,-2.449105
Contrastdata_expres,27.975445,12.25409,0.361183,580.598084,-5.198109
FWHMdata_harps,27.975445,12.25409,0.361183,1.929627,0.293819
Contrastdata_harps,27.975445,12.25409,0.361183,42.424725,3.407253
FWHMdata_neid,27.975445,12.25409,0.361183,0.634374,0.646619
Contrastdata_neid,27.975445,12.25409,0.361183,166.766662,0.763775
