name,Prot,Pdec,Oamp,rot_amp,con_amp
BISdata_expres,28.109402,29.399885,0.417115,-6.262186,1.389935
FWHMdata_expres,28.109402,29.399885,0.417115,-6.052185,-2.39648
BISdata_harps,28.109402,29.399885,0.417115,-1.000419,2.249067
FWHMdata_harps,28.109402,29.399885,0.417115,-0.370148,2.237347
BISdata_neid,28.109402,29.399885,0.417115,2.943562,-1.994759
FWHMdata_neid,28.109402,29.399885,0.417115,1.65389,-0.968995
