name,Prot,Pdec,Oamp,rot_amp,con_amp
BISdata_expres,28.265028,18.108326,0.432807,7.131083,-0.467182
FWHMdata_expres,28.265028,18.108326,0.432807,8.689581,6.483735
BISdata_harps,28.265028,18.108326,0.432807,0.698901,-0.333711
FWHMdata_harps,28.265028,18.108326,0.432807,2.47921,-0.575961
BISdata_neid,28.265028,18.108326,0.432807,0.790255,0.445987
FWHMdata_neid,28.265028,18.108326,0.432807,-0.734697,0.30874
