name,Prot,Pdec,Oamp,rot_amp,con_amp
FWHMdata_expres,28.422369,10.433377,0.403279,15.234465,-0.632635
Contrastdata_expres,28.422369,10.433377,0.403279,584.327541,-9.287623
FWHMdata_harps,28.422369,10.433377,0.403279,1.375886,0.595553
Contrastdata_harps,28.422369,10.433377,0.403279,35.248517,-2.487403
FWHMdata_neid,28.422369,10.433377,0.403279,0.163299,0.564871
Contrastdata_neid,28.422369,10.433377,0.403279,193.240294,5.923084
