name,Prot,Pdec,Oamp,rot_amp,con_amp
FWHMdata_expres,28.260125,13.145189,0.416591,-13.629533,0.420132
Contrastdata_expres,28.260125,13.145189,0.416591,-586.394121,6.483872
FWHMdata_harps,28.260125,13.145189,0.416591,-1.818928,0.065806
Contrastdata_harps,28.260125,13.145189,0.416591,59.593597,-4.711864
FWHMdata_neid,28.260125,13.145189,0.416591,1.355683,0.159728
Contrastdata_neid,28.260125,13.145189,0.416591,-24.521945,-5.628538
