name,Prot,Pdec,Oamp,rot_amp,con_amp
BISdata_expres,27.857178,20.202451,0.376428,-0.881345,0.624602
FWHMdata_expres,27.857178,20.202451,0.376428,-9.382125,-7.06432
BISdata_harps,27.857178,20.202451,0.376428,0.021471,0.669894
FWHMdata_harps,27.857178,20.202451,0.376428,-3.129975,-0.92109
BISdata_neid,27.857178,20.202451,0.376428,-0.562709,0.243943
FWHMdata_neid,27.857178,20.202451,0.376428,7.699409,2.69461
