name,Prot,Pdec,Oamp,rot_amp,con_amp
FWHMdata_expres,27.690294,13.728569,0.415321,15.346363,3.722225
Contrastdata_expres,27.690294,13.728569,0.415321,361.362394,7.836015
FWHMdata_harps,27.690294,13.728569,0.415321,3.530808,0.388135
Contrastdata_harps,27.690294,13.728569,0.415321,433.133653,-7.360785
FWHMdata_neid,27.690294,13.728569,0.415321,3.640671,-0.765474
Contrastdata_neid,27.690294,13.728569,0.415321,-60.866707,-1.708073
