name,Prot,Pdec,Oamp,rot_amp,con_amp
BISdata_expres,28.463618,24.321307,0.40561,-6.733962,0.837726
FWHMdata_expres,28.463618,24.321307,0.40561,-6.85067,-4.870183
BISdata_harps,28.463618,24.321307,0.40561,0.924495,0.234039
FWHMdata_harps,28.463618,24.321307,0.40561,0.957193,0.729938
BISdata_neid,28.463618,24.321307,0.40561,-1.432681,-0.0461
FWHMdata_neid,28.463618,24.321307,0.40561,2.453896,1.159603
