name,Prot,Pdec,Oamp,rot_amp,con_amp
FWHMdata_expres,27.836421,11.216114,0.39893,-14.861368,0.132986
Contrastdata_expres,27.836421,11.216114,0.39893,-588.913918,1.921569
FWHMdata_harps,27.836421,11.216114,0.39893,-1.538732,0.059379
Contrastdata_harps,27.836421,11.216114,0.39893,-21.790012,1.005184
FWHMdata_neid,27.836421,11.216114,0.39893,-1.015558,-0.066278
Contrastdata_neid,27.836421,11.216114,0.39893,-6.515038,-3.327574
