name,Prot,Pdec,Oamp,rot_amp,con_amp
BISdata_expres,28.350951,16.857992,0.394765,-2.199329,0.921669
FWHMdata_expres,28.350951,16.857992,0.394765,-3.760463,-8.042212
BISdata_harps,28.350951,16.857992,0.394765,-4.225864,0.60624
FWHMdata_harps,28.350951,16.857992,0.394765,-2.429844,0.159928
BISdata_neid,28.350951,16.857992,0.394765,-2.732406,-0.096413
FWHMdata_neid,28.350951,16.857992,0.394765,2.132832,0.675663
