name,Prot,Pdec,Oamp,rot_amp,con_amp
FWHMdata_expres,28.066696,42.000519,0.401093,0.711659,-5.977417
Contrastdata_expres,28.066696,42.000519,0.401093,-81.788008,-3.763557
FWHMdata_harps,28.066696,42.000519,0.401093,1.06402,-0.041847
Contrastdata_harps,28.066696,42.000519,0.401093,-206.886855,4.115101
FWHMdata_neid,28.066696,42.000519,0.401093,-4.419639,-3.624656
Contrastdata_neid,28.066696,42.000519,0.401093,-453.755222,0.929084
