name,Prot,Pdec,Oamp,rot_amp,con_amp
BISdata_expres,28.016344,62.766938,0.413896,-2.682561,-2.675034
FWHMdata_expres,28.016344,62.766938,0.413896,-3.021722,8.43696
BISdata_harps,28.016344,62.766938,0.413896,3.839282,-1.950449
FWHMdata_harps,28.016344,62.766938,0.413896,9.516416,1.339271
BISdata_neid,28.016344,62.766938,0.413896,1.086868,1.718793
FWHMdata_neid,28.016344,62.766938,0.413896,-8.337256,2.988708
