name,Prot,Pdec,Oamp,rot_amp,con_amp
BISdata_expres,28.236567,29.127977,0.386604,1.009855,-1.592701
FWHMdata_expres,28.236567,29.127977,0.386604,3.137309,4.880673
BISdata_harps,28.236567,29.127977,0.386604,3.642292,1.573277
FWHMdata_harps,28.236567,29.127977,0.386604,4.284361,1.115253
BISdata_neid,28.236567,29.127977,0.386604,0.139765,-0.410204
FWHMdata_neid,28.236567,29.127977,0.386604,1.303408,-0.522017
