name,Prot,Pdec,Oamp,rot_amp,con_amp
FWHMdata_expres,27.884284,10.725478,0.419143,-15.169964,-0.567008
Contrastdata_expres,27.884284,10.725478,0.419143,-593.958811,-4.424388
FWHMdata_harps,27.884284,10.725478,0.419143,-6.179885,-0.936774
Contrastdata_harps,27.884284,10.725478,0.419143,-199.865898,4.43213
FWHMdata_neid,27.884284,10.725478,0.419143,-4.477587,-0.134281
Contrastdata_neid,27.884284,10.725478,0.419143,-36.652392,-3.447934
