name,Prot,Pdec,Oamp,rot_amp,con_amp
FWHMdata_expres,27.987059,27.89294,0.376988,2.245943,2.067784
Contrastdata_expres,27.987059,27.89294,0.376988,9.845529,6.973858
FWHMdata_harps,27.987059,27.89294,0.376988,3.019179,-0.086056
Contrastdata_harps,27.987059,27.89294,0.376988,-335.683873,-7.782984
FWHMdata_neid,27.987059,27.89294,0.376988,-6.529031,0.376195
Contrastdata_neid,27.987059,27.89294,0.376988,-498.751227,1.685529
