name,Prot,Pdec,Oamp,rot_amp,con_amp
BISdata_expres,28.01843,25.41055,0.402083,-5.993357,1.624546
FWHMdata_expres,28.01843,25.41055,0.402083,-9.873564,-4.389767
BISdata_harps,28.01843,25.41055,0.402083,-7.146173,0.115159
FWHMdata_harps,28.01843,25.41055,0.402083,-8.572529,0.488894
BISdata_neid,28.01843,25.41055,0.402083,-0.026461,-0.146437
FWHMdata_neid,28.01843,25.41055,0.402083,-11.238078,-0.411139
