name,Prot,Pdec,Oamp,rot_amp,con_amp
BISdata_expres,28.087073,30.931195,0.426348,-6.657956,-0.123484
FWHMdata_expres,28.087073,30.931195,0.426348,13.994094,-5.043445
BISdata_harps,28.087073,30.931195,0.426348,0.70298,1.076573
FWHMdata_harps,28.087073,30.931195,0.426348,1.280988,0.163572
BISdata_neid,28.087073,30.931195,0.426348,-4.331438,0.945541
FWHMdata_neid,28.087073,30.931195,0.426348,5.003138,2.489374
