name,Prot,Pdec,Oamp,rot_amp,con_amp
FWHMdata_expres,27.814683,12.448423,0.372241,9.600635,-1.627668
Contrastdata_expres,27.814683,12.448423,0.372241,533.812611,-8.301135
FWHMdata_harps,27.814683,12.448423,0.372241,-0.300075,0.201061
Contrastdata_harps,27.814683,12.448423,0.372241,225.996148,4.9888
FWHMdata_neid,27.814683,12.448423,0.372241,1.33341,1.73688
Contrastdata_neid,27.814683,12.448423,0.372241,382.69469,5.206081
