name,Prot,Pdec,Oamp,rot_amp,con_amp
FIESTAdata_expres_mode2,24.741247,83.895616,0.418997,-8.768521,1.235154
FIESTAdata_harps_mode2,24.741247,83.895616,0.418997,6.420172,0.496131
FIESTAdata_harpsn_mode2,24.741247,83.895616,0.418997,-6.924527,2.172777
FIESTAdata_neid_mode2,24.741247,83.895616,0.418997,-6.117022,-3.805029
