name,Prot,Pdec,Oamp,rot_amp,con_amp
FIESTAdata_expres_mode1,24.373536,58.673794,0.411924,2.849845,-0.01032
FIESTAdata_harps_mode1,24.373536,58.673794,0.411924,-5.289604,3.227515
FIESTAdata_harpsn_mode1,24.373536,58.673794,0.411924,3.836569,0.346473
FIESTAdata_neid_mode1,24.373536,58.673794,0.411924,1.971279,0.410895
