name,Prot,Pdec,Oamp,rot_amp,con_amp
FIESTAdata_expres_mode4,26.752162,12.783499,0.368898,31.512447,-4.101491
FIESTAdata_harps_mode4,26.752162,12.783499,0.368898,20.55207,-15.672435
FIESTAdata_harpsn_mode4,26.752162,12.783499,0.368898,8.675489,-4.551319
FIESTAdata_neid_mode4,26.752162,12.783499,0.368898,-5.186944,4.522384
