name,Prot,Pdec,Oamp,rot_amp,con_amp
FIESTAdata_expres_mode3,26.136245,113.732581,0.39081,-3.589225,0.620018
FIESTAdata_harps_mode3,26.136245,113.732581,0.39081,7.623632,10.921453
FIESTAdata_harpsn_mode3,26.136245,113.732581,0.39081,-19.722358,-1.084479
FIESTAdata_neid_mode3,26.136245,113.732581,0.39081,7.260088,-3.70692
