name,Prot,Pdec,Oamp,rot_amp,con_amp
FIESTAdata_expres_mode1,30.693792,54.644418,0.380013,6.070796,-0.482337
FIESTAdata_harps_mode1,30.693792,54.644418,0.380013,-13.670167,6.255615
FIESTAdata_harpsn_mode1,30.693792,54.644418,0.380013,10.484391,0.056952
FIESTAdata_neid_mode1,30.693792,54.644418,0.380013,4.054633,0.28154
