name,Prot,Pdec,Oamp,rot_amp,con_amp
FIESTAdata_expres_mode2,30.084907,31.938973,0.376735,1.940485,-1.047546
FIESTAdata_harps_mode2,30.084907,31.938973,0.376735,4.306948,-1.352776
FIESTAdata_harpsn_mode2,30.084907,31.938973,0.376735,-3.022277,-1.207832
FIESTAdata_neid_mode2,30.084907,31.938973,0.376735,-3.445727,-0.200518
