name,Prot,Pdec,Oamp,rot_amp,con_amp
FIESTAdata_expres_mode4,26.443464,109.539305,0.328213,-34.881112,-3.755789
FIESTAdata_harps_mode4,26.443464,109.539305,0.328213,-0.765367,-2.126767
FIESTAdata_harpsn_mode4,26.443464,109.539305,0.328213,11.791956,8.962376
FIESTAdata_neid_mode4,26.443464,109.539305,0.328213,-13.478235,3.786602
