name,Prot,Pdec,Oamp,rot_amp,con_amp
FIESTAdata_expres_mode3,30.65828,78.198735,0.388828,-28.934604,-2.956336
FIESTAdata_harps_mode3,30.65828,78.198735,0.388828,8.06593,-3.131789
FIESTAdata_harpsn_mode3,30.65828,78.198735,0.388828,-10.449232,-0.211206
FIESTAdata_neid_mode3,30.65828,78.198735,0.388828,1.414924,0.649361
