name,Prot,Pdec,Oamp,rot_amp,con_amp
FIESTAdata_expres_mode4,26.843185,64.261075,0.387975,-27.69632,1.815174
FIESTAdata_harps_mode4,26.843185,64.261075,0.387975,-26.792636,-17.586164
FIESTAdata_harpsn_mode4,26.843185,64.261075,0.387975,-6.918038,5.050019
FIESTAdata_neid_mode4,26.843185,64.261075,0.387975,-19.72785,-1.585521
