name,Prot,Pdec,Oamp,rot_amp,con_amp
FIESTAdata_expres_mode1,28.751487,186.683365,0.358246,5.012869,-1.621736
FIESTAdata_harps_mode1,28.751487,186.683365,0.358246,-10.411846,-8.397729
FIESTAdata_harpsn_mode1,28.751487,186.683365,0.358246,-1.486617,-1.009103
FIESTAdata_neid_mode1,28.751487,186.683365,0.358246,1.748193,1.305148
