name,Prot,Pdec,Oamp,rot_amp,con_amp
FIESTAdata_expres_mode2,26.392122,130.951494,0.401659,-3.359118,-2.231274
FIESTAdata_harps_mode2,26.392122,130.951494,0.401659,-7.225981,-4.552684
FIESTAdata_harpsn_mode2,26.392122,130.951494,0.401659,-6.413737,0.043366
FIESTAdata_neid_mode2,26.392122,130.951494,0.401659,-1.217926,-0.363935
