name,Prot,Pdec,Oamp,rot_amp,con_amp
FIESTAdata_expres_mode3,27.153948,37.263651,0.37568,9.107329,2.276951
FIESTAdata_harps_mode3,27.153948,37.263651,0.37568,-12.025072,-3.321332
FIESTAdata_harpsn_mode3,27.153948,37.263651,0.37568,1.857244,0.528373
FIESTAdata_neid_mode3,27.153948,37.263651,0.37568,-12.788504,-1.495297
