name,Prot,Pdec,Oamp,rot_amp,con_amp
FIESTAdata_expres_mode1,23.180456,63.513388,0.362876,7.933743,0.475994
FIESTAdata_harps_mode1,23.180456,63.513388,0.362876,18.100161,2.290607
FIESTAdata_harpsn_mode1,23.180456,63.513388,0.362876,12.418342,1.146575
FIESTAdata_neid_mode1,23.180456,63.513388,0.362876,1.878994,-0.526891
