name,Prot,Pdec,Oamp,rot_amp,con_amp
FIESTAdata_expres_mode2,23.79615,35.583287,0.447335,-0.941579,0.999795
FIESTAdata_harps_mode2,23.79615,35.583287,0.447335,-10.741757,-1.965344
FIESTAdata_harpsn_mode2,23.79615,35.583287,0.447335,-7.542992,0.119122
FIESTAdata_neid_mode2,23.79615,35.583287,0.447335,-1.582884,0.705887
