name,Prot,Pdec,Oamp,rot_amp,con_amp
FIESTAdata_expres_mode3,28.269395,65.253915,0.387556,8.716607,-0.248911
FIESTAdata_harps_mode3,28.269395,65.253915,0.387556,-12.182473,-5.241488
FIESTAdata_harpsn_mode3,28.269395,65.253915,0.387556,11.631547,2.361178
FIESTAdata_neid_mode3,28.269395,65.253915,0.387556,18.84489,1.06712
