name,Prot,Pdec,Oamp,rot_amp,con_amp
FIESTAdata_expres_mode4,27.277678,21.164605,0.40193,30.132818,-2.535009
FIESTAdata_harps_mode4,27.277678,21.164605,0.40193,44.311789,-3.021967
FIESTAdata_harpsn_mode4,27.277678,21.164605,0.40193,-5.34494,-4.253864
FIESTAdata_neid_mode4,27.277678,21.164605,0.40193,16.599444,0.242109
