name,Prot,Pdec,Oamp,rot_amp,con_amp
FIESTAdata_expres_mode1,28.055865,133.241313,0.395835,3.762867,0.163374
FIESTAdata_harps_mode1,28.055865,133.241313,0.395835,8.389394,-2.987238
FIESTAdata_harpsn_mode1,28.055865,133.241313,0.395835,12.801697,-0.389309
FIESTAdata_neid_mode1,28.055865,133.241313,0.395835,0.358228,0.323982
