name,Prot,Pdec,Oamp,rot_amp,con_amp
FIESTAdata_expres_mode4,29.898955,28.106236,0.356114,-2.798039,-8.211054
FIESTAdata_harps_mode4,29.898955,28.106236,0.356114,16.920732,-11.557038
FIESTAdata_harpsn_mode4,29.898955,28.106236,0.356114,7.416588,-3.746766
FIESTAdata_neid_mode4,29.898955,28.106236,0.356114,9.849808,0.059778
