name,Prot,Pdec,Oamp,rot_amp,con_amp
FIESTAdata_expres_mode3,29.251767,64.691833,0.357909,26.487503,-9.300779
FIESTAdata_harps_mode3,29.251767,64.691833,0.357909,-24.813452,-2.717465
FIESTAdata_harpsn_mode3,29.251767,64.691833,0.357909,-2.072215,2.615643
FIESTAdata_neid_mode3,29.251767,64.691833,0.357909,19.544678,2.414434
