name,Prot,Pdec,Oamp,rot_amp,con_amp
FIESTAdata_expres_mode2,24.539146,13.050688,0.337825,-9.003114,-0.804439
FIESTAdata_harps_mode2,24.539146,13.050688,0.337825,2.177124,3.207707
FIESTAdata_harpsn_mode2,24.539146,13.050688,0.337825,-7.550781,-0.90912
FIESTAdata_neid_mode2,24.539146,13.050688,0.337825,-1.656116,-0.729132
