name,Prot,Pdec,Oamp,rot_amp,con_amp
FIESTAdata_expres_mode3,28.538517,37.678469,0.362649,-7.974633,-2.157235
FIESTAdata_harps_mode3,28.538517,37.678469,0.362649,5.107949,8.072817
FIESTAdata_harpsn_mode3,28.538517,37.678469,0.362649,-11.373429,1.5752
FIESTAdata_neid_mode3,28.538517,37.678469,0.362649,5.281887,-2.164703
