name,Prot,Pdec,Oamp,rot_amp,con_amp
FIESTAdata_expres_mode1,27.884056,219.078886,0.367298,2.026876,-0.635115
FIESTAdata_harps_mode1,27.884056,219.078886,0.367298,-4.03885,-3.388569
FIESTAdata_harpsn_mode1,27.884056,219.078886,0.367298,2.984971,1.11425
FIESTAdata_neid_mode1,27.884056,219.078886,0.367298,-1.634308,0.184881
