name,Prot,Pdec,Oamp,rot_amp,con_amp
FIESTAdata_expres_mode4,28.155158,114.480805,0.383725,17.131895,15.288782
FIESTAdata_harps_mode4,28.155158,114.480805,0.383725,-13.875986,11.704728
FIESTAdata_harpsn_mode4,28.155158,114.480805,0.383725,-9.948091,0.851653
FIESTAdata_neid_mode4,28.155158,114.480805,0.383725,-7.430918,2.2877
