name,Prot,Pdec,Oamp,rot_amp,con_amp
FIESTAdata_expres_mode2,27.829302,137.654069,0.379089,-1.659085,-0.215191
FIESTAdata_harps_mode2,27.829302,137.654069,0.379089,4.226164,2.510043
FIESTAdata_harpsn_mode2,27.829302,137.654069,0.379089,-3.655303,-0.701257
FIESTAdata_neid_mode2,27.829302,137.654069,0.379089,2.728957,-0.41205
