name,Prot,Pdec,Oamp,rot_amp,con_amp
FIESTAdata_expres_mode1,25.549486,267.077012,0.382181,-5.624946,0.339602
FIESTAdata_harps_mode1,25.549486,267.077012,0.382181,-1.30929,2.07487
FIESTAdata_harpsn_mode1,25.549486,267.077012,0.382181,-2.313435,0.62712
FIESTAdata_neid_mode1,25.549486,267.077012,0.382181,3.219549,1.859617
