name,Prot,Pdec,Oamp,rot_amp,con_amp
FIESTAdata_expres_mode4,26.292174,82.985065,0.38521,-33.856028,-9.834486
FIESTAdata_harps_mode4,26.292174,82.985065,0.38521,-26.100918,-8.527914
FIESTAdata_harpsn_mode4,26.292174,82.985065,0.38521,25.594139,4.335356
FIESTAdata_neid_mode4,26.292174,82.985065,0.38521,16.858548,-7.079923
