name,Prot,Pdec,Oamp,rot_amp,con_amp
FIESTAdata_expres_mode2,25.828607,260.862393,0.393475,7.621275,-1.563527
FIESTAdata_harps_mode2,25.828607,260.862393,0.393475,9.420986,3.107873
FIESTAdata_harpsn_mode2,25.828607,260.862393,0.393475,4.442979,-3.700107
FIESTAdata_neid_mode2,25.828607,260.862393,0.393475,-5.336427,-2.900477
