name,Prot,Pdec,Oamp,rot_amp,con_amp
FIESTAdata_expres_mode3,25.291742,215.909395,0.360895,13.151736,0.397805
FIESTAdata_harps_mode3,25.291742,215.909395,0.360895,-33.30615,10.859263
FIESTAdata_harpsn_mode3,25.291742,215.909395,0.360895,5.903191,2.348488
FIESTAdata_neid_mode3,25.291742,215.909395,0.360895,1.745658,-2.183562
