name,Prot,Pdec,Oamp,rot_amp,con_amp
FIESTAdata_expres_mode4,27.586366,18.237531,0.408155,13.145422,-7.321343
FIESTAdata_harps_mode4,27.586366,18.237531,0.408155,10.407037,-3.914876
FIESTAdata_harpsn_mode4,27.586366,18.237531,0.408155,-3.709678,-6.291577
FIESTAdata_neid_mode4,27.586366,18.237531,0.408155,3.797066,1.774877
