name,Prot,Pdec,Oamp,rot_amp,con_amp
FIESTAdata_expres_mode2,26.417066,26.627736,0.379633,2.639285,-0.452054
FIESTAdata_harps_mode2,26.417066,26.627736,0.379633,-4.337795,0.298409
FIESTAdata_harpsn_mode2,26.417066,26.627736,0.379633,-2.213809,-0.242732
FIESTAdata_neid_mode2,26.417066,26.627736,0.379633,0.361048,0.780562
