name,Prot,Pdec,Oamp,rot_amp,con_amp
FIESTAdata_expres_mode3,28.429105,45.640373,0.384057,6.016443,-1.368762
FIESTAdata_harps_mode3,28.429105,45.640373,0.384057,-15.370297,-1.950825
FIESTAdata_harpsn_mode3,28.429105,45.640373,0.384057,9.281325,1.054561
FIESTAdata_neid_mode3,28.429105,45.640373,0.384057,3.257951,-3.875559
