name,Prot,Pdec,Oamp,rot_amp,con_amp
FIESTAdata_expres_mode1,27.840935,26.194222,0.367802,-0.515877,0.173085
FIESTAdata_harps_mode1,27.840935,26.194222,0.367802,4.377329,-0.798308
FIESTAdata_harpsn_mode1,27.840935,26.194222,0.367802,0.590953,-0.289122
FIESTAdata_neid_mode1,27.840935,26.194222,0.367802,0.290828,-0.556142
