name,Prot,Pdec,Oamp,rot_amp,con_amp
FIESTAdata_expres_mode1,27.005786,220.816693,0.368145,-1.993642,1.196905
FIESTAdata_harps_mode1,27.005786,220.816693,0.368145,0.698227,-1.608065
FIESTAdata_harpsn_mode1,27.005786,220.816693,0.368145,8.09409,0.254243
FIESTAdata_neid_mode1,27.005786,220.816693,0.368145,2.205606,4.030183
