name,Prot,Pdec,Oamp,rot_amp,con_amp
FIESTAdata_expres_mode3,28.796172,187.220449,0.328592,1.210212,-1.433884
FIESTAdata_harps_mode3,28.796172,187.220449,0.328592,-21.652972,-6.581242
FIESTAdata_harpsn_mode3,28.796172,187.220449,0.328592,40.948267,-7.254115
FIESTAdata_neid_mode3,28.796172,187.220449,0.328592,-25.669162,3.507832
