name,Prot,Pdec,Oamp,rot_amp,con_amp
FIESTAdata_expres_mode4,25.025453,77.59852,0.348248,7.148202,6.724866
FIESTAdata_harps_mode4,25.025453,77.59852,0.348248,-20.259211,-13.94688
FIESTAdata_harpsn_mode4,25.025453,77.59852,0.348248,-15.725161,3.363872
FIESTAdata_neid_mode4,25.025453,77.59852,0.348248,-7.268489,3.180705
