name,Prot,Pdec,Oamp,rot_amp,con_amp
FIESTAdata_expres_mode2,26.652011,256.096117,0.386775,-6.244556,0.037715
FIESTAdata_harps_mode2,26.652011,256.096117,0.386775,5.204467,-0.232508
FIESTAdata_harpsn_mode2,26.652011,256.096117,0.386775,-4.483169,4.58018
FIESTAdata_neid_mode2,26.652011,256.096117,0.386775,-7.986169,-0.901943
