name,Prot,Pdec,Oamp,rot_amp,con_amp
FIESTAdata_expres_mode1,24.276856,72.47829,0.411699,4.799445,-0.53412
FIESTAdata_harps_mode1,24.276856,72.47829,0.411699,-7.830424,4.449542
FIESTAdata_harpsn_mode1,24.276856,72.47829,0.411699,7.443701,0.841864
FIESTAdata_neid_mode1,24.276856,72.47829,0.411699,-1.294803,2.721125
FIESTAdata_expres_mode2,24.276856,72.47829,0.411699,-7.965746,0.832273
FIESTAdata_harps_mode2,24.276856,72.47829,0.411699,8.644131,-6.051107
FIESTAdata_harpsn_mode2,24.276856,72.47829,0.411699,-8.586723,-0.126597
FIESTAdata_neid_mode2,24.276856,72.47829,0.411699,2.426699,-4.184498
