name,Prot,Pdec,Oamp,rot_amp,con_amp
FIESTAdata_expres_mode1,28.364141,29.756883,0.379191,3.779365,0.469972
FIESTAdata_harps_mode1,28.364141,29.756883,0.379191,-4.046227,1.005209
FIESTAdata_harpsn_mode1,28.364141,29.756883,0.379191,8.051865,-0.007689
FIESTAdata_neid_mode1,28.364141,29.756883,0.379191,5.048272,-0.430872
FIESTAdata_expres_mode2,28.364141,29.756883,0.379191,-3.908791,-1.28289
FIESTAdata_harps_mode2,28.364141,29.756883,0.379191,5.227417,-2.664023
FIESTAdata_harpsn_mode2,28.364141,29.756883,0.379191,-8.097836,-1.102974
FIESTAdata_neid_mode2,28.364141,29.756883,0.379191,-6.544738,0.116398
