name,Prot,Pdec,Oamp,rot_amp,con_amp
FIESTAdata_expres_mode1,28.232043,240.772711,0.404914,-8.140426,0.005295
FIESTAdata_harps_mode1,28.232043,240.772711,0.404914,-1.137906,9.868219
FIESTAdata_harpsn_mode1,28.232043,240.772711,0.404914,-4.194861,0.857103
FIESTAdata_neid_mode1,28.232043,240.772711,0.404914,-0.414566,-0.819054
FIESTAdata_expres_mode2,28.232043,240.772711,0.404914,7.982686,1.953418
FIESTAdata_harps_mode2,28.232043,240.772711,0.404914,2.49197,-8.682907
FIESTAdata_harpsn_mode2,28.232043,240.772711,0.404914,4.972581,-1.035709
FIESTAdata_neid_mode2,28.232043,240.772711,0.404914,1.213133,2.797257
