name,Prot,Pdec,Oamp,rot_amp,con_amp
FIESTAdata_expres_mode1,23.107767,44.097936,0.365014,-5.393162,0.191603
FIESTAdata_harps_mode1,23.107767,44.097936,0.365014,-4.181381,0.70123
FIESTAdata_harpsn_mode1,23.107767,44.097936,0.365014,-7.645422,-1.205391
FIESTAdata_neid_mode1,23.107767,44.097936,0.365014,-0.735781,0.228273
FIESTAdata_expres_mode2,23.107767,44.097936,0.365014,5.496307,-0.7733
FIESTAdata_harps_mode2,23.107767,44.097936,0.365014,5.363368,-1.553643
FIESTAdata_harpsn_mode2,23.107767,44.097936,0.365014,8.875986,0.820423
FIESTAdata_neid_mode2,23.107767,44.097936,0.365014,0.98955,-0.030094
