name,Prot,Pdec,Oamp,rot_amp,con_amp
FIESTAdata_expres_mode1,24.712579,12.255213,0.36154,5.764201,-0.134758
FIESTAdata_harps_mode1,24.712579,12.255213,0.36154,-2.478228,-2.531163
FIESTAdata_harpsn_mode1,24.712579,12.255213,0.36154,7.238893,0.897043
FIESTAdata_neid_mode1,24.712579,12.255213,0.36154,-0.817477,0.282041
FIESTAdata_expres_mode2,24.712579,12.255213,0.36154,-8.828656,-0.13749
FIESTAdata_harps_mode2,24.712579,12.255213,0.36154,5.171006,4.737858
FIESTAdata_harpsn_mode2,24.712579,12.255213,0.36154,-7.519358,-0.703465
FIESTAdata_neid_mode2,24.712579,12.255213,0.36154,0.087208,-0.717214
