name,Prot,Pdec,Oamp,rot_amp,con_amp
FIESTAdata_expres_mode1,23.58288,97.376155,0.400788,5.979253,-2.847868
FIESTAdata_harps_mode1,23.58288,97.376155,0.400788,-1.809127,-11.182698
FIESTAdata_harpsn_mode1,23.58288,97.376155,0.400788,-3.122049,0.988652
FIESTAdata_neid_mode1,23.58288,97.376155,0.400788,-0.86008,2.147208
FIESTAdata_expres_mode2,23.58288,97.376155,0.400788,-6.728389,2.521781
FIESTAdata_harps_mode2,23.58288,97.376155,0.400788,4.60747,13.669486
FIESTAdata_harpsn_mode2,23.58288,97.376155,0.400788,3.471278,-1.444255
FIESTAdata_neid_mode2,23.58288,97.376155,0.400788,0.455666,-3.743993
