name,Prot,Pdec,Oamp,rot_amp,con_amp
FIESTAdata_expres_mode1,25.81986,211.853799,0.35123,-5.745724,0.786993
FIESTAdata_harps_mode1,25.81986,211.853799,0.35123,0.233305,0.577072
FIESTAdata_harpsn_mode1,25.81986,211.853799,0.35123,-4.4366,2.088011
FIESTAdata_neid_mode1,25.81986,211.853799,0.35123,2.686229,1.459582
FIESTAdata_expres_mode2,25.81986,211.853799,0.35123,8.528895,0.613334
FIESTAdata_harps_mode2,25.81986,211.853799,0.35123,0.427673,2.168568
FIESTAdata_harpsn_mode2,25.81986,211.853799,0.35123,6.159343,-2.729262
FIESTAdata_neid_mode2,25.81986,211.853799,0.35123,-5.97539,-4.356668
