name,Prot,Pdec,Oamp,rot_amp,con_amp
FIESTAdata_expres_mode1,29.732309,91.79582,0.381023,2.252716,-0.250269
FIESTAdata_harps_mode1,29.732309,91.79582,0.381023,-3.853276,-11.748167
FIESTAdata_harpsn_mode1,29.732309,91.79582,0.381023,-2.234605,0.984271
FIESTAdata_neid_mode1,29.732309,91.79582,0.381023,2.84317,0.658046
FIESTAdata_expres_mode2,29.732309,91.79582,0.381023,-4.449102,2.269831
FIESTAdata_harps_mode2,29.732309,91.79582,0.381023,-5.575177,4.944654
FIESTAdata_harpsn_mode2,29.732309,91.79582,0.381023,3.867446,-0.552044
FIESTAdata_neid_mode2,29.732309,91.79582,0.381023,-4.302607,-0.447911
