name,Prot,Pdec,Oamp,rot_amp,con_amp
FIESTAdata_expres_mode1,28.41027,41.244677,0.371277,-6.54403,2.184455
FIESTAdata_harps_mode1,28.41027,41.244677,0.371277,5.608322,-1.440895
FIESTAdata_harpsn_mode1,28.41027,41.244677,0.371277,4.746148,7.185772
FIESTAdata_neid_mode1,28.41027,41.244677,0.371277,-3.139008,3.139277
FIESTAdata_expres_mode2,28.41027,41.244677,0.371277,8.380088,-2.447165
FIESTAdata_harps_mode2,28.41027,41.244677,0.371277,-5.900404,3.903242
FIESTAdata_harpsn_mode2,28.41027,41.244677,0.371277,-4.233804,-8.031432
FIESTAdata_neid_mode2,28.41027,41.244677,0.371277,0.864979,-5.661357
