name,Prot,Pdec,Oamp,rot_amp,con_amp
FIESTAdata_expres_mode1,24.102403,99.969926,0.390281,10.605968,-1.186947
FIESTAdata_harps_mode1,24.102403,99.969926,0.390281,-18.820066,6.888011
FIESTAdata_harpsn_mode1,24.102403,99.969926,0.390281,13.115295,2.309025
FIESTAdata_neid_mode1,24.102403,99.969926,0.390281,-4.2872,4.011798
FIESTAdata_expres_mode2,24.102403,99.969926,0.390281,-14.30113,-1.319109
FIESTAdata_harps_mode2,24.102403,99.969926,0.390281,18.925458,-12.001588
FIESTAdata_harpsn_mode2,24.102403,99.969926,0.390281,-11.713103,0.057706
FIESTAdata_neid_mode2,24.102403,99.969926,0.390281,6.007399,-9.979014
