name,Prot,Pdec,Oamp,rot_amp,con_amp
FIESTAdata_expres_mode1,28.101134,70.165939,0.352339,9.681969,1.150701
FIESTAdata_harps_mode1,28.101134,70.165939,0.352339,-13.500415,9.106038
FIESTAdata_harpsn_mode1,28.101134,70.165939,0.352339,15.850701,0.524422
FIESTAdata_neid_mode1,28.101134,70.165939,0.352339,8.66181,-0.974757
FIESTAdata_expres_mode2,28.101134,70.165939,0.352339,-8.087491,-2.13278
FIESTAdata_harps_mode2,28.101134,70.165939,0.352339,14.421355,-8.563555
FIESTAdata_harpsn_mode2,28.101134,70.165939,0.352339,-18.832726,-1.979535
FIESTAdata_neid_mode2,28.101134,70.165939,0.352339,-16.05749,0.193005
