name,Prot,Pdec,Oamp,rot_amp,con_amp
FIESTAdata_expres_mode1,28.417405,258.50117,0.392589,14.265297,-1.838415
FIESTAdata_harps_mode1,28.417405,258.50117,0.392589,-6.080626,-10.651729
FIESTAdata_harpsn_mode1,28.417405,258.50117,0.392589,0.004285,-4.319371
FIESTAdata_neid_mode1,28.417405,258.50117,0.392589,2.008659,1.949564
FIESTAdata_expres_mode2,28.417405,258.50117,0.392589,-19.186594,-2.190214
FIESTAdata_harps_mode2,28.417405,258.50117,0.392589,1.075011,13.657574
FIESTAdata_harpsn_mode2,28.417405,258.50117,0.392589,-2.113382,2.799071
FIESTAdata_neid_mode2,28.417405,258.50117,0.392589,2.269517,-1.299708
