name,Prot,Pdec,Oamp,rot_amp,con_amp
FIESTAdata_expres_mode1,23.06209,55.248139,0.363515,10.205415,0.110515
FIESTAdata_harps_mode1,23.06209,55.248139,0.363515,9.937284,-1.633885
FIESTAdata_harpsn_mode1,23.06209,55.248139,0.363515,13.27587,2.292339
FIESTAdata_neid_mode1,23.06209,55.248139,0.363515,-0.533964,-0.282422
FIESTAdata_expres_mode2,23.06209,55.248139,0.363515,-10.22839,0.811597
FIESTAdata_harps_mode2,23.06209,55.248139,0.363515,-16.039302,-0.304155
FIESTAdata_harpsn_mode2,23.06209,55.248139,0.363515,-16.289241,-1.805564
FIESTAdata_neid_mode2,23.06209,55.248139,0.363515,-1.410973,1.06638
