name,Prot,Pdec,Oamp,rot_amp,con_amp
FIESTAdata_expres_mode1,24.012914,37.708334,0.389212,-13.527704,-0.684518
FIESTAdata_harps_mode1,24.012914,37.708334,0.389212,1.642074,3.592872
FIESTAdata_harpsn_mode1,24.012914,37.708334,0.389212,-11.703684,-0.52706
FIESTAdata_neid_mode1,24.012914,37.708334,0.389212,2.475146,-0.189651
FIESTAdata_expres_mode2,24.012914,37.708334,0.389212,16.845734,1.120428
FIESTAdata_harps_mode2,24.012914,37.708334,0.389212,-5.383383,-7.566034
FIESTAdata_harpsn_mode2,24.012914,37.708334,0.389212,12.757466,0.88896
FIESTAdata_neid_mode2,24.012914,37.708334,0.389212,-2.411237,0.367239
