name,Prot,Pdec,Oamp,rot_amp,con_amp
FIESTAdata_expres_mode1,28.461178,15.99725,0.392106,1.460029,-0.279418
FIESTAdata_harps_mode1,28.461178,15.99725,0.392106,-1.48934,3.037332
FIESTAdata_harpsn_mode1,28.461178,15.99725,0.392106,2.73068,0.711427
FIESTAdata_neid_mode1,28.461178,15.99725,0.392106,-1.483963,0.127144
FIESTAdata_expres_mode2,28.461178,15.99725,0.392106,-0.842271,0.093708
FIESTAdata_harps_mode2,28.461178,15.99725,0.392106,5.350274,-2.883645
FIESTAdata_harpsn_mode2,28.461178,15.99725,0.392106,-3.648594,-0.891622
FIESTAdata_neid_mode2,28.461178,15.99725,0.392106,2.486283,-0.719937
