name,Prot,Pdec,Oamp,rot_amp,con_amp
FIESTAdata_expres_mode1,25.908283,253.588791,0.405309,-8.7236,-0.620784
FIESTAdata_harps_mode1,25.908283,253.588791,0.405309,-2.586045,3.243638
FIESTAdata_harpsn_mode1,25.908283,253.588791,0.405309,-6.042702,1.812048
FIESTAdata_neid_mode1,25.908283,253.588791,0.405309,5.83504,5.447518
FIESTAdata_expres_mode2,25.908283,253.588791,0.405309,14.449496,-1.307907
FIESTAdata_harps_mode2,25.908283,253.588791,0.405309,-1.292202,4.936494
FIESTAdata_harpsn_mode2,25.908283,253.588791,0.405309,11.838049,-0.223411
FIESTAdata_neid_mode2,25.908283,253.588791,0.405309,-6.769162,-7.333794
