name,Prot,Pdec,Oamp,rot_amp,con_amp
FIESTAdata_expres_mode1,23.657251,45.841398,0.412387,1.949103,-0.866004
FIESTAdata_harps_mode1,23.657251,45.841398,0.412387,-15.657691,-9.905124
FIESTAdata_harpsn_mode1,23.657251,45.841398,0.412387,4.139897,-0.030159
FIESTAdata_neid_mode1,23.657251,45.841398,0.412387,-3.992077,0.522926
FIESTAdata_expres_mode2,23.657251,45.841398,0.412387,-3.090953,2.017129
FIESTAdata_harps_mode2,23.657251,45.841398,0.412387,16.204888,9.556455
FIESTAdata_harpsn_mode2,23.657251,45.841398,0.412387,-2.369923,0.091081
FIESTAdata_neid_mode2,23.657251,45.841398,0.412387,3.233729,-0.916997
