name,Prot,Pdec,Oamp,rot_amp,con_amp
FIESTAdata_expres_mode1,28.659222,65.902764,0.363521,13.791491,-1.889611
FIESTAdata_harps_mode1,28.659222,65.902764,0.363521,0.94912,1.54676
FIESTAdata_harpsn_mode1,28.659222,65.902764,0.363521,1.970399,1.413674
FIESTAdata_neid_mode1,28.659222,65.902764,0.363521,-5.237303,-2.463697
FIESTAdata_expres_mode2,28.659222,65.902764,0.363521,-17.395966,1.463557
FIESTAdata_harps_mode2,28.659222,65.902764,0.363521,-3.560546,-2.512723
FIESTAdata_harpsn_mode2,28.659222,65.902764,0.363521,-5.700684,-2.363723
FIESTAdata_neid_mode2,28.659222,65.902764,0.363521,12.854708,3.976371
